{
  "_fv": 24,
  "_type": "gui",
  "definition": {
    "type": 0,
    "width": 0,
    "height": 0,
    "inventoryOffsetX": 0,
    "inventoryOffsetY": 0,
    "renderBgLayer": true,
    "doesPauseGame": false,
    "components": [
      {
        "type": "button",
        "data": {
          "text": "Back",
          "onClick": {
            "name": "UpgradeOnKeyPressed"
          },
          "width": 46,
          "height": 20,
          "name": "Back",
          "x": 8,
          "y": 6
        }
      },
      {
        "type": "button",
        "data": {
          "text": "Magic Keybind 1",
          "onClick": {
            "name": "MK1"
          },
          "width": 103,
          "height": 20,
          "name": "Magic Keybind 1",
          "x": 46,
          "y": 56
        }
      },
      {
        "type": "button",
        "data": {
          "text": "Magic Keybind 2",
          "onClick": {
            "name": "MK2"
          },
          "width": 103,
          "height": 20,
          "name": "Magic Keybind 2",
          "x": 161,
          "y": 56
        }
      },
      {
        "type": "button",
        "data": {
          "text": "Magic Keybind 3",
          "onClick": {
            "name": "MK3"
          },
          "width": 103,
          "height": 20,
          "name": "Magic Keybind 3",
          "x": 275,
          "y": 56
        }
      },
      {
        "type": "button",
        "data": {
          "text": "Magic Keybind 4",
          "onClick": {
            "name": "MK4"
          },
          "width": 103,
          "height": 20,
          "name": "Magic Keybind 4",
          "x": 46,
          "y": 108
        }
      },
      {
        "type": "button",
        "data": {
          "text": "Magic Keybind 5",
          "onClick": {
            "name": "MK5"
          },
          "width": 103,
          "height": 20,
          "name": "Magic Keybind 5",
          "x": 161,
          "y": 108
        }
      },
      {
        "type": "button",
        "data": {
          "text": "Magic Keybind 6",
          "onClick": {
            "name": "MK6"
          },
          "width": 103,
          "height": 20,
          "name": "Magic Keybind 6",
          "x": 275,
          "y": 108
        }
      }
    ],
    "gridSettings": {
      "sx": 18,
      "sy": 18,
      "ox": 11,
      "oy": 15,
      "snapOnGrid": false
    }
  }
}